{"points_db": [[-1.399765453242782, 0.9057527966797352, 0.8319629212005728], [-1.4015929900905197, 0.8999528232961893, 1.1230991308474558], [-1.4506112874040797, 0.5070772897452116, 0.5599642609221152], [-1.428634799959135, 0.4964585155248642, 1.4405805989356444], [-1.4715750431950299, 0.18780716881155968, 0.8871943289874503], [-1.4606762942621676, 0.15469149313867092, 0.6264946390924669], [-1.4706879074885308, 0.23222485929727554, 1.4208245082264617], [-1.4649303191580036, -0.01138564944267273, 0.7465073309508993], [-1.426576379449556, -0.3356149438768625, 1.4498997300402219], [-1.4573481036642266, -0.20518459379673004, 0.5581034898176918], [-1.4673783000345022, -0.20927292108535767, 0.8112731716547881], [-1.4573303301643883, -0.28625982627272606, 0.5720751842592731], [-1.4257375606019957, -0.7276930753141642, 1.4496784987652498], [-1.4688792329041729, -0.7326597757637501, 1.2508476660430097], [-1.4627015291689616, -0.8455521855503321, 0.7989742899681749], [-1.4572275373253092, -0.9462140742689371, 0.57210271516832], [-1.4386790535173914, -1.5602956749498844, 1.4332062698474106], [-1.4785096537323115, -1.7445236053317785, 1.2631760447008014], [-1.4568160561275036, -1.7304260227829218, 0.5582504462796588]], "points_g2o": [[-1.4098159800190775, 0.8938354395932359, 0.8216344633815362], [-1.4039583825952033, 0.8941139211780046, 1.0568747566470058], [-1.44207274671249, 0.4969144250523485, 0.5552042361141694], [-1.430095876189196, 0.5203764121236607, 1.4577245342864635], [-1.47736016263966, 0.22079620456060456, 0.9038285142272464], [-1.4616471616689584, 0.15437024740942845, 0.6295064173603602], [-1.481609927680882, 0.2105719966247217, 1.4337676594732032], [-1.469417037183891, -0.0037764526934250253, 0.7772590859606091], [-1.4593919902644155, -0.1308771189385187, 1.4445498800843792], [-1.4587607891408894, -0.2149645821370227, 0.5591726013996434], [-1.4721887674846976, -0.22251033056249192, 0.8100508481259594], [-1.4590283066537961, -0.27914926850129484, 0.5688277507736254], [-1.4509923337181103, -0.7393668221969882, 1.4409652073734565], [-1.4819824340768593, -0.7414729539844441, 1.2526995085677723], [-1.4695227924182022, -0.8274922940278779, 0.7863572818425411], [-1.4616844168432448, -0.9489283959900484, 0.5667595731150282], [-1.4781205359005511, -1.7686025427544587, 1.3652830144293493], [-1.485932607431593, -1.7646557504527678, 1.2925252256045436], [-1.4645040906890467, -1.7303554044489524, 0.5545630033276544]], "points_query": [[-1.4754953640902597, 0.9017493678256869, 1.0184402078761723], [-1.466181831822054, 0.9027877673506737, 1.253566906526736], [-1.5100098905470891, 0.5038673412054777, 0.7537318832252898], [-1.484866149494421, 0.5302012413740158, 1.6559021093276938], [-1.5390176836081566, 0.22869772091507912, 1.103682720788472], [-1.5270618354544094, 0.16147943679243326, 0.8293641487104364], [-1.5354347931899466, 0.2201136350631714, 1.6336558983750127], [-1.5319997051427574, 0.0037649478763341904, 0.9776994385989486], [-1.511637504308109, -0.12120557203888893, 1.645157178667415], [-1.5236699215577296, -0.2080585304647684, 0.7601284728951051], [-1.5333772346046493, -0.2148748654872179, 1.0111990790051062], [-1.52352790975237, -0.27221326157450676, 0.769983306613535], [-1.5007548030890665, -0.7296637035906315, 1.6433154287224423], [-1.5344998093793825, -0.7324864342808723, 1.455533368343766], [-1.5285377480441684, -0.8199118413031101, 0.9893243015181108], [-1.5234218861357878, -0.9420008398592472, 0.7700084902816923], [-1.5247015331724496, -1.7592342123389244, 1.5711973048697703], [-1.5335986078202732, -1.7555472515523434, 1.4985505578770586], [-1.523162837788019, -1.7234671572223306, 0.7602512291321223]], "cam_pose_g2o": [[-0.4653474956093886, -0.004123323608268407, -0.8851184703374413, 0.6895699382297731], [0.004687246828180158, -0.9999866076537192, 0.002194135451442718, -0.31547222563003585], [-0.8851156636548934, -0.0031277333052962012, 0.46536059055009027, 1.1126165136462887], [0.0, 0.0, 0.0, 1.0]]}